"Terms","Model","Fit","Fit_LPI","Fit_UPI","AdjR2","MAPE5","AICc_change"
"Icy_Strait_SST_May","m7i",29.1,12.4,68,0.67,43.5,1.2
"NSEAK_SST_May","m11i",28.4,12.3,65.7,0.68,46,0.700000000000003
"ISTI20_JJ","m2i",23.2,9.9,54.4,0.65,46.1,2.8
"Chatham_SST_May","m3i",27.7,12,63.9,0.68,46.4,0.799999999999997
"NSEAK_SST_AMJ","m13i",30,13,68.9,0.69,46.6,0
"Icy_Strait_SST_AMJ","m9i",32.2,13.7,75.8,0.68,47.2,0.600000000000001
"NSEAK_SST_AMJJ","m14i",30.1,12.7,71.5,0.67,48.2,1.6
"Chatham_SST_AMJ","m5i",28.5,12.5,65.1,0.69,48.4,0
"SEAK_SST_May","m15i",24.6,10.7,56.4,0.67,49.3,1.2
"Icy_Strait_SST_AMJJ","m10i",31.6,13,76.4,0.66,49.5,2.1
"Chatham_SST_AMJJ","m6i",28.4,12.1,67,0.67,49.9,1.7
"SEAK_SST_AMJ","m17i",26.1,11.4,59.3,0.68,50.3,0.399999999999999
"SEAK_SST_AMJJ","m18i",26.6,11.4,61.8,0.67,50.3,1.5
"NSEAK_SST_MJJ","m12i",27.6,11.4,66.8,0.65,52.2,3.2
"Icy_Strait_SST_MJJ","m8i",28.6,11.6,70.2,0.64,53.1,3.6
"SEAK_SST_MJJ","m16i",24.5,10.4,58,0.65,53.1,3
"Chatham_SST_MJJ","m4i",26.3,10.9,63.6,0.64,53.5,3.7
"no temperature index included","m1i",19.6,7.9,48.5,0.6,54.4,3.5
