"Model","Temp","Fit","80% PI","AdjR2","dAICc","MAPE5","LOOCV"
"m5a","Chatham AMJ",69.5,"43.5-101.3",0.77,0.8,20.5,29.6
"m9a","Icy Strait AMJ",80.4,"49.4-119",0.77,1.6,21.2,29.4
"m2a","ISTI20_JJ",67.5,"38.6-104",0.69,9.8,21.2,36.3
"m13a","NSEAK AMJ",66.7,"41.5-97.5",0.77,1.7,22.4,29.8
"m3a","Chatham May",74.7,"46.9-108.7",0.78,0,23.3,28.8
"m11a","NSEAK May",69.2,"43.4-100.6",0.77,0.5,23.6,29.2
"m7a","Icy Strait May",80.6,"49.9-118.6",0.77,0.9,24.1,29.1
"m15a","SEAK May",60.6,"37.5-88.6",0.76,2.4,24.6,30.9
"m17a","SEAK AMJ",57.2,"35.2-84.1",0.75,3.4,24.8,31.2
"m1a","None",56.8,"30.7-90",0.62,13.9,25.3,39.7
"m10a","Icy Strait AMJJ",79.5,"46.7-121.2",0.73,6,25.5,33.7
"m6a","Chatham AMJJ",70.1,"41.8-105.2",0.73,5.6,25.8,33.1
"m14a","NSEAK AMJJ",67.7,"40.3-101.7",0.73,6.1,27.1,33.2
"m18a","SEAK AMJJ",59,"35-88.5",0.72,7,29.1,34
"m8a","Icy Strait MJJ",75.4,"43-116.9",0.7,9,29.8,36.3
"m4a","Chatham MJJ",69.3,"39.8-106.5",0.7,9.2,30,36.1
"m12a","NSEAK MJJ",65.5,"38-100",0.7,8.9,30.7,35.4
"m16a","SEAK MJJ",58.1,"33.7-88.4",0.7,9.3,31.4,35.6
