"Year","Harvest","Residuals","Hat values","Cooks distance","Std. residuals","Fitted values"
1998,42.45,0.41,0.09,0.05,1.4,29.44
1999,77.82,-0.26,0.29,0.1,-0.99,105.62
2000,20.25,-0.24,0.11,0.02,-0.84,27.1
2001,67.02,0.07,0.09,0,0.24,65.56
2002,45.32,0.17,0.15,0.02,0.61,39.94
2003,52.47,-0.21,0.19,0.03,-0.76,68.09
2004,45.31,0.37,0.12,0.06,1.29,32.76
2005,59.12,0.07,0.1,0,0.23,57.98
2006,11.61,-0.36,0.13,0.05,-1.23,17.37
2007,44.8,0.04,0.09,0,0.12,45.37
2008,15.91,-0.31,0.11,0.03,-1.05,22.68
2009,38.02,-0.33,0.17,0.07,-1.17,55.41
2010,24.14,-0.18,0.09,0.01,-0.6,30.24
2011,58.88,-0.04,0.11,0,-0.12,64.02
2012,21.28,0.07,0.07,0,0.25,20.71
2013,94.72,0.36,0.11,0.05,1.22,69.66
2014,37.17,0.23,0.11,0.02,0.78,31.03
2015,35.09,-0.5,0.09,0.07,-1.68,60.4
2016,18.37,0.15,0.22,0.02,0.54,16.61
2017,34.73,-0.06,0.35,0.01,-0.26,38.87
2018,8.07,-0.38,0.14,0.07,-1.33,12.39
2019,21.14,-0.14,0.2,0.02,-0.5,25.47
2020,8.06,-0.34,0.18,0.08,-1.23,11.92
2021,48.53,0.51,0.12,0.11,1.77,30.42
2022,18.3,0.21,0.1,0.01,0.71,15.58
2023,48.45,0.65,0.17,0.27,2.3,26.58
2024,20.12,0.09,0.08,0,0.3,19.28
2025,21.37,-0.16,0.16,0.01,-0.56,26.24
2026,20.42,0.1,0.07,0,0.32,19.45
