"Model","Terms","Fit","Fit_LPI","Fit_UPI","AdjR2","AICc","dAICc","MAPE5"
"m11i","NSEAK_SST_May",386.2,142.8,1044.3,0.81,28.4,0,36.6
"m3i","Chatham_SST_May",401.2,146.9,1095.6,0.81,28.7,0.3,32.9
"m7i","Icy_Strait_SST_May",439.8,154.4,1253.3,0.8,30.4,2,34.4
"m15i","SEAK_SST_May",314.4,113.2,873.4,0.79,30.6,2.2,36.3
"m13i","NSEAK_SST_AMJ",249.8,89.5,697.2,0.79,31.7,3.3,38.9
"m5i","Chatham_SST_AMJ",237.2,84.7,664.6,0.78,32.1,3.7,35
"m9i","Icy_Strait_SST_AMJ",287.3,97.8,843.4,0.77,33.6,5.2,40.6
"m17i","SEAK_SST_AMJ",192.3,67.4,548.7,0.77,33.6,5.2,38.1
"m14i","NSEAK_SST_AMJJ",190.4,61.8,586.4,0.74,37.3,8.9,45
"m6i","Chatham_SST_AMJJ",176.2,56.5,549.8,0.73,38.2,9.8,41.8
"m18i","SEAK_SST_AMJJ",148.3,47.6,461.4,0.73,38.4,10,41.9
"m10i","Icy_Strait_SST_AMJJ",215.8,66.5,700.3,0.72,39.2,10.8,46.7
"m2i","ISTI20_JJ",207.9,62.1,696.5,0.7,40.7,12.3,34.9
"m12i","NSEAK_SST_MJJ",164.7,48.5,558.6,0.69,42,13.6,50.7
"m16i","SEAK_SST_MJJ",129.8,38.1,442.7,0.68,42.8,14.4,46.5
"m4i","Chatham_SST_MJJ",159.3,45.6,556.4,0.67,43.3,15,47.1
"m8i","Icy_Strait_SST_MJJ",184.3,52.1,652.6,0.67,43.4,15,51.4
"m1i","no temperature index included",112.5,27.4,463,0.57,47.5,19.1,39.9
