"","fit","fit_LPI","fit_UPI","se_fit","R2","AdjR2","AIC","AICc","BIC","p","sigma","MAPE","MAPE_LOOCV"
"no temperature index included",3.96189165306777,3.42351393581863,4.50026937031691,0.109853010804009,0.646204380373247,0.618989332709651,33.1703414496173,34.837008116284,38.6395247695632,1.36076105233399e-06,0.394408745260369,0.350464919842388,0.397241360160617
"ISTI20_JJ",4.14884480220975,3.65335186597071,4.64433773844878,0.122070581463333,0.722730162939921,0.689457782492711,28.102222846682,30.7109184988559,34.9387019966144,3.84965954870113e-07,0.356072384986251,0.297579277675955,0.362675627750695
"Chatham_SST_May",4.26791423372067,3.84728695489735,4.68854151254399,0.108391971563742,0.802397085482312,0.77868473574019,18.2790053376472,20.8877009898211,25.1154844875795,5.84956762048399e-09,0.300596315374938,0.24294844251722,0.287557597003268
"Chatham_SST_MJJ",4.17627009573776,3.68394905615627,4.66859113531924,0.125314774102951,0.728439683542755,0.695852445567885,27.4988227969275,30.1075184491014,34.3353019468599,2.97857963109879e-07,0.352387206561992,0.303315281427951,0.360714348282715
"Chatham_SST_AMJ",4.19530677103161,3.77270303476725,4.61791050729597,0.10074278682422,0.796795308307202,0.772410745304067,19.0896791586196,21.6983748107935,25.926158308552,8.26979242018844e-09,0.304827290181193,0.251027070769441,0.295716994769497
"Chatham_SST_AMJJ",4.19471843688702,3.7334622461067,4.65597462766735,0.114362160600856,0.760085143103567,0.731295360275996,23.9057176553316,26.5144133075055,30.7421968052639,6.4527024741824e-08,0.331219236158999,0.280984172580321,0.331473637244709
"Icy_Strait_SST_May",4.34307736679468,3.91001903348533,4.77613570010403,0.12291289489981,0.796348859231204,0.771910722338949,19.1533234638868,21.7620191160607,25.9898026138191,8.49763122637677e-09,0.30516196551312,0.244596376200406,0.291342923802059
"Icy_Strait_SST_MJJ",4.26148243221681,3.76155535082024,4.76140951361338,0.145005181192611,0.730554828692754,0.698221408135885,27.2720616151217,29.8807572672956,34.1085407650541,2.70475864758833e-07,0.351012176628899,0.304205283266315,0.36290266958655
"Icy_Strait_SST_AMJ",4.33978077208536,3.90065379118812,4.7789077529826,0.125186495631505,0.790902269777909,0.765810542151259,19.9187296190364,22.5274252712103,26.7552087689688,1.17821324721608e-08,0.309215773084476,0.250252584642355,0.29443255071376
"Icy_Strait_SST_AMJJ",4.32058997514046,3.84386051984663,4.7973194304343,0.141233200733279,0.756787484326703,0.727601982445907,24.3016115547514,26.9103072069253,31.1380907046838,7.63829516862789e-08,0.333487791637418,0.285494958886529,0.337014830054526
"NSEAK_SST_May",4.19111160219811,3.77097892088861,4.61124428350761,0.0995121657320672,0.79888459055578,0.774750741422474,18.7899674978297,21.3986631500036,25.6264466477621,7.27624020567555e-09,0.303256175527189,0.247033882724715,0.292002682508998
"NSEAK_SST_MJJ",4.12132733713822,3.6371153666788,4.60553930759764,0.112673575771268,0.731854648449388,0.699677206263315,27.1318253393871,29.740520991561,33.9683044893194,2.54815133113126e-07,0.350164501128754,0.297819259583266,0.353894428864363
"NSEAK_SST_AMJ",4.15272881558072,3.72575938756363,4.5796982435978,0.0976265763231119,0.790762442816249,0.765653935954198,19.9381158967961,22.54681154897,26.7745950467285,1.18800437037324e-08,0.309319144546594,0.254178478097137,0.298414836460756
"NSEAK_SST_AMJJ",4.15947102757155,3.69681606374471,4.62212599139838,0.110000876349155,0.756314213946316,0.727071919619874,24.3579881956433,26.9666838478172,31.1944673455756,7.82396573221034e-08,0.333812103047486,0.281672979441397,0.332039883620172
"SEAK_SST_May",4.05482745389098,3.6254508904393,4.48420401734266,0.0903082566919271,0.785153097427556,0.759371469118863,20.7053239379372,23.3140195901111,27.5418030878696,1.64828278291673e-08,0.313437913999317,0.263341751867825,0.308829882618168
"SEAK_SST_MJJ",3.99962275304853,3.51712242431347,4.48212308178359,0.0992421990612333,0.727718389325763,0.695044596044854,27.5757478867901,30.184443538964,34.4122270367224,3.0776215638421e-07,0.352854885901519,0.301196137974493,0.356395045413152
"SEAK_SST_AMJ",3.99648816368005,3.56073349519019,4.43224283216992,0.089242053314984,0.777770423359254,0.751102874162365,21.6850971484889,24.2937928006628,28.5215762984213,2.50367930534387e-08,0.318777682752298,0.26704005288414,0.312187949226166
"SEAK_SST_AMJJ",4.01947970407683,3.55575406559846,4.4832053425552,0.0961031936483114,0.748798371196824,0.718654175740442,25.2389004699835,27.8475961221574,32.0753796199159,1.1385910744126e-07,0.338920786390859,0.289645776852428,0.340014845934569
