"Terms","Model","Fit","Fit_LPI","Fit_UPI","AdjR2","MAPE5","AICc"
"Icy_Strait_SST_May","m7",29.5,12.6,69.2,0.67,44.1,1.3
"NSEAK_SST_May","m11",28.9,12.5,66.9,0.68,46.6,0.799999999999997
"ISTI20_JJ","m2",23.6,10.1,55.3,0.65,46.8,2.8
"Chatham_SST_May","m3",28.1,12.2,65,0.67,47,0.899999999999999
"NSEAK_SST_AMJ","m13",30.5,13.3,70.2,0.69,47.2,0
"Icy_Strait_SST_AMJ","m9",32.8,13.9,77.2,0.68,47.9,0.600000000000001
"NSEAK_SST_AMJJ","m14",30.7,12.9,72.8,0.67,48.8,1.6
"Chatham_SST_AMJ","m5",29,12.7,66.2,0.69,49,0.100000000000001
"SEAK_SST_May","m15",25,10.9,57.3,0.67,50,1.3
"Icy_Strait_SST_AMJJ","m10",32.1,13.3,77.9,0.66,50.2,2.1
"Chatham_SST_AMJJ","m6",28.9,12.3,68.2,0.66,50.5,1.8
"SEAK_SST_AMJ","m17",26.5,11.6,60.3,0.68,50.9,0.5
"SEAK_SST_AMJJ","m18",27,11.6,62.9,0.67,50.9,1.6
"NSEAK_SST_MJJ","m12",28.1,11.6,68,0.65,52.9,3.2
"Icy_Strait_SST_MJJ","m8",29.1,11.8,71.6,0.64,53.8,3.7
"SEAK_SST_MJJ","m16",24.9,10.5,59,0.65,53.8,3
"Chatham_SST_MJJ","m4",26.7,11,64.8,0.64,54.2,3.7
"no temperature index included","m1",19.9,8,49.3,0.59,54.9,3.6
