"","MAPE5"
"no temperature index included",54.3750729448421
"ISTI20_JJ",46.117221727542
"Chatham_SST_May",46.3765805169572
"Chatham_SST_MJJ",53.5384471083225
"Chatham_SST_AMJ",48.3897743005384
"Chatham_SST_AMJJ",49.8647793425954
"Icy_Strait_SST_May",43.5121304488789
"Icy_Strait_SST_MJJ",53.128067882395
"Icy_Strait_SST_AMJ",47.2388651975069
"Icy_Strait_SST_AMJJ",49.5004314010986
"NSEAK_SST_May",46.0193944559843
"NSEAK_SST_MJJ",52.1850528475023
"NSEAK_SST_AMJ",46.5733984410333
"NSEAK_SST_AMJJ",48.16163009363
"SEAK_SST_May",49.3445721753998
"SEAK_SST_MJJ",53.0843535360381
"SEAK_SST_AMJ",50.2947924588445
"SEAK_SST_AMJJ",50.2505228266459
