"","fit","fit_LPI","fit_UPI","se_fit","R2","AdjR2","AIC","AICc","BIC","p.value","sigma","MAPE","MAPE_LOOCV","wMAPE"
"no temperature index included",3.79229079007318,3.16363010143047,4.42095147871589,0.201907097503108,0.639503856142427,0.573959102713777,37.6253620655876,41.8253620655876,45.4003832616135,0.000107366304905856,0.43084900575877,0.102305565711563,0.129210192187916,0.0793060543880431
"ISTI20_JJ",3.99861124942593,3.38470738038797,4.61251511846389,0.220645401283368,0.691218558945312,0.617699168218006,35.4444783807065,41.3392152228117,44.5153364427368,8.07144633520859e-05,0.408133338038234,0.0960326701689807,0.130007889067562,0.0810963134902005
"Chatham_SST_May",4.0848453359978,3.49698350486345,4.67270716713214,0.216691480001273,0.7211489947522,0.654755898264628,32.691663455875,38.5864002979803,41.7625215179053,2.92622808125961e-05,0.387848917446449,0.0893323586145849,0.11784883632368,0.0829978231808406
"Chatham_SST_MJJ",4.04727817429058,3.4237946142765,4.67076173430466,0.23507677980949,0.690859494093078,0.617254611734288,35.4758569460711,41.3705937881764,44.5467150081014,8.16496041759928e-05,0.40837056693112,0.09605838359007,0.127348170649915,0.0909180756281785
"Chatham_SST_AMJ",4.05656878149122,3.48805209918819,4.62508546379425,0.202361551439417,0.733702479995252,0.67029830856555,31.4479509048244,37.3426877469296,40.5188089668547,1.84577635610475e-05,0.379018176054192,0.0879382703389996,0.116219137659528,0.0690822552777997
"Chatham_SST_AMJJ",4.08257057849773,3.48548132894905,4.67965982804641,0.222059092338472,0.713937917524234,0.645827897887147,33.3810072342486,39.2757440763539,42.4518652962789,3.77540486386414e-05,0.392831788552606,0.0928632505535065,0.122620070417769,0.0800480146770013
"Icy_Strait_SST_May",4.14063274657077,3.54056408458594,4.7407014085556,0.232120234991784,0.718632194209273,0.651639859497195,32.9342617781419,38.8289986202471,42.0051198401722,3.20090850040784e-05,0.389595272436263,0.0876192094239904,0.115884636640883,0.0823899693066901
"Icy_Strait_SST_MJJ",4.09621717030632,3.47134802111247,4.72108631950016,0.243582249706132,0.696575077752932,0.624331048646487,34.9719916271348,40.8667284692401,44.0428496891651,6.78523559911966e-05,0.404577848959326,0.094901858707682,0.126314666854337,0.0940993871481217
"Icy_Strait_SST_AMJ",4.17921062666441,3.59016203892436,4.76825921440445,0.230072075271222,0.730751738552279,0.666645009636155,31.7454822380331,37.6402190801383,40.8163403000634,2.06115444701192e-05,0.381112269133924,0.087879690706402,0.116394259972787,0.075287504938808
"Icy_Strait_SST_AMJJ",4.16810331021473,3.55490837517142,4.78129824525803,0.245146231645035,0.713294938807212,0.645031828999405,33.4416267472357,39.336363589341,42.512484809266,3.86086652119932e-05,0.393273022680471,0.0929972436702448,0.123378731016303,0.0850465483903706
"NSEAK_SST_May",4.07068752539418,3.4912358260997,4.65013922468865,0.209965840933714,0.726223908006114,0.661039124198046,32.1957539699407,38.0904908120459,41.266612031971,2.43547145842325e-05,0.384303408447858,0.0891873034963056,0.117661847711943,0.0853911830633334
"NSEAK_SST_MJJ",4.06441898296824,3.44849716269407,4.68034080324241,0.232114847207216,0.69821722916503,0.626364188490037,34.825469375534,40.7202062176393,43.8963274375644,6.42932541642722e-05,0.403481565513083,0.0956705209074419,0.126872532849107,0.0929362143256374
"NSEAK_SST_AMJ",4.07764944729677,3.50843840821974,4.6468604863738,0.205272480539604,0.735065686123153,0.671986087581046,31.3093799687607,37.204116810866,40.380238030791,1.75325156627417e-05,0.37804681358468,0.0888056671269526,0.117168944782896,0.0729972297550549
"NSEAK_SST_AMJJ",4.11352994458611,3.51484694121348,4.71221294795875,0.227428544976294,0.716394125887174,0.648868917765073,33.1481767371416,39.0429135792469,42.2190347991719,3.46426527848524e-05,0.391141671444937,0.0933693197167496,0.123269898269064,0.0831976320987894
"SEAK_SST_May",3.96562413240049,3.38467011046216,4.54657815433883,0.197803263194827,0.715184510662823,0.647371298915876,33.2630902940811,39.1578271361864,42.3339483561114,3.61450881029989e-05,0.391974918471654,0.0915333495765775,0.120776122351446,0.0841234983114101
"SEAK_SST_MJJ",3.97306244002206,3.36968467959686,4.57644020044726,0.210314819814947,0.696531960533908,0.624277665422933,34.9758281023918,40.870564944497,44.0466861644221,6.7948125367712e-05,0.404606593552758,0.0954684424564683,0.126542082582268,0.0908056758815525
"SEAK_SST_AMJ",3.95275400538192,3.3866253955977,4.51888261516615,0.189931942793048,0.727532454601812,0.662659229507006,32.0663947490782,37.9611315911835,41.1372528111085,2.32150929259901e-05,0.383383895632753,0.0899640159065205,0.118546389373128,0.0715600719771633
"SEAK_SST_AMJJ",4.00789361411164,3.42101800939301,4.59476921883027,0.205909816923609,0.713929402901553,0.645817355973351,33.3818108758535,39.2765477179588,42.4526689378838,3.77652546372925e-05,0.392837634817757,0.0930125665476433,0.122534208991008,0.080996520113414
