"","ISTI20_JJ","Chatham_SST_May","Chatham_SST_MJJ","Chatham_SST_AMJ","Chatham_SST_AMJJ","Icy_Strait_SST_May","Icy_Strait_SST_MJJ","Icy_Strait_SST_AMJ","Icy_Strait_SST_AMJJ","NSEAK_SST_May","NSEAK_SST_MJJ","NSEAK_SST_AMJ","NSEAK_SST_AMJJ","SEAK_SST_May","SEAK_SST_MJJ","SEAK_SST_AMJ","SEAK_SST_AMJJ"
"ISTI20_JJ",1,0.68,0.79,0.75,0.8,0.67,0.79,0.72,0.79,0.64,0.74,0.7,0.75,0.64,0.68,0.68,0.7
"Chatham_SST_May",0.68,1,0.86,0.96,0.91,0.98,0.83,0.93,0.87,0.99,0.85,0.95,0.89,0.97,0.82,0.92,0.86
"Chatham_SST_MJJ",0.79,0.86,1,0.9,0.98,0.85,0.97,0.89,0.95,0.86,0.98,0.89,0.96,0.87,0.95,0.9,0.94
"Chatham_SST_AMJ",0.75,0.96,0.9,1,0.96,0.93,0.88,0.97,0.93,0.94,0.89,0.98,0.94,0.94,0.85,0.96,0.91
"Chatham_SST_AMJJ",0.8,0.91,0.98,0.96,1,0.88,0.95,0.94,0.97,0.9,0.96,0.95,0.98,0.91,0.93,0.95,0.96
"Icy_Strait_SST_May",0.67,0.98,0.85,0.93,0.88,1,0.85,0.94,0.88,0.96,0.83,0.92,0.86,0.93,0.78,0.88,0.82
"Icy_Strait_SST_MJJ",0.79,0.83,0.97,0.88,0.95,0.85,1,0.91,0.98,0.82,0.94,0.87,0.92,0.82,0.88,0.85,0.87
"Icy_Strait_SST_AMJ",0.72,0.93,0.89,0.97,0.94,0.94,0.91,1,0.96,0.92,0.87,0.96,0.92,0.9,0.82,0.92,0.87
"Icy_Strait_SST_AMJJ",0.79,0.87,0.95,0.93,0.97,0.88,0.98,0.96,1,0.87,0.93,0.93,0.96,0.86,0.87,0.9,0.9
"NSEAK_SST_May",0.64,0.99,0.86,0.94,0.9,0.96,0.82,0.92,0.87,1,0.88,0.96,0.91,0.98,0.85,0.93,0.89
"NSEAK_SST_MJJ",0.74,0.85,0.98,0.89,0.96,0.83,0.94,0.87,0.93,0.88,1,0.92,0.98,0.9,0.98,0.92,0.97
"NSEAK_SST_AMJ",0.7,0.95,0.89,0.98,0.95,0.92,0.87,0.96,0.93,0.96,0.92,1,0.97,0.96,0.89,0.98,0.94
"NSEAK_SST_AMJJ",0.75,0.89,0.96,0.94,0.98,0.86,0.92,0.92,0.96,0.91,0.98,0.97,1,0.92,0.95,0.96,0.98
"SEAK_SST_May",0.64,0.97,0.87,0.94,0.91,0.93,0.82,0.9,0.86,0.98,0.9,0.96,0.92,1,0.9,0.97,0.93
"SEAK_SST_MJJ",0.68,0.82,0.95,0.85,0.93,0.78,0.88,0.82,0.87,0.85,0.98,0.89,0.95,0.9,1,0.93,0.98
"SEAK_SST_AMJ",0.68,0.92,0.9,0.96,0.95,0.88,0.85,0.92,0.9,0.93,0.92,0.98,0.96,0.97,0.93,1,0.97
"SEAK_SST_AMJJ",0.7,0.86,0.94,0.91,0.96,0.82,0.87,0.87,0.9,0.89,0.97,0.94,0.98,0.93,0.98,0.97,1
